,Station,Time Period,Failed Car Reservations,Failed Parking Reservations,Max Unmet Demand,Predicted or Average Demand
0,Station_1,0,2,3,3,9
1,Station_1,1,3,0,3,7
2,Station_1,2,0,0,0,2
3,Station_1,3,2,0,2,4
4,Station_1,4,2,2,2,6
5,Station_2,0,3,1,3,6
6,Station_2,1,0,0,0,2
7,Station_2,2,0,0,0,4
8,Station_2,3,2,1,2,4
9,Station_2,4,1,0,1,3
10,Station_3,0,2,3,3,7
11,Station_3,1,2,1,2,4
12,Station_3,2,2,1,2,5
13,Station_3,3,2,1,2,4
14,Station_3,4,3,3,3,7
15,Station_4,0,0,1,1,5
16,Station_4,1,3,3,3,9
17,Station_4,2,3,1,3,8
18,Station_4,3,3,2,3,8
19,Station_4,4,2,0,2,5
20,Station_5,0,1,2,2,6
21,Station_5,1,0,0,0,2
22,Station_5,2,1,3,3,8
23,Station_5,3,3,2,3,8
24,Station_5,4,3,1,3,5
25,Station_6,0,1,0,1,3
26,Station_6,1,1,0,1,5
27,Station_6,2,1,2,2,6
28,Station_6,3,3,3,3,7
29,Station_6,4,3,2,3,9
30,Station_7,0,0,3,3,7
31,Station_7,1,0,3,3,5
32,Station_7,2,3,0,3,7
33,Station_7,3,1,2,2,5
34,Station_7,4,1,2,2,6
35,Station_8,0,0,3,3,5
36,Station_8,1,3,2,3,6
37,Station_8,2,0,1,1,3
38,Station_8,3,0,1,1,2
39,Station_8,4,2,2,2,6
40,Station_9,0,2,2,2,8
41,Station_9,1,2,3,3,8
42,Station_9,2,1,1,1,3
43,Station_9,3,3,1,3,6
44,Station_9,4,3,0,3,5
45,Station_10,0,3,3,3,8
46,Station_10,1,3,0,3,7
47,Station_10,2,2,1,2,7
48,Station_10,3,1,3,3,5
49,Station_10,4,1,2,2,4
50,Station_11,0,2,3,3,9
51,Station_11,1,1,2,2,4
52,Station_11,2,2,2,2,7
53,Station_11,3,3,3,3,9
54,Station_11,4,2,2,2,8
55,Station_12,0,3,0,3,4
56,Station_12,1,3,1,3,6
57,Station_12,2,0,2,2,5
58,Station_12,3,2,0,2,6
59,Station_12,4,0,2,2,3
60,Station_13,0,2,1,2,7
61,Station_13,1,2,0,2,4
62,Station_13,2,0,1,1,4
63,Station_13,3,0,1,1,5
64,Station_13,4,2,0,2,6
65,Station_14,0,1,0,1,5
66,Station_14,1,3,0,3,5
67,Station_14,2,0,3,3,7
68,Station_14,3,3,0,3,5
69,Station_14,4,1,0,1,3
70,Station_15,0,1,0,1,3
71,Station_15,1,1,0,1,4
72,Station_15,2,0,2,2,5
73,Station_15,3,1,3,3,8
74,Station_15,4,0,1,1,5
75,Station_16,0,1,0,1,4
76,Station_16,1,3,2,3,6
77,Station_16,2,3,2,3,8
78,Station_16,3,2,2,2,6
79,Station_16,4,3,1,3,7
80,Station_17,0,2,0,2,4
81,Station_17,1,3,3,3,10
82,Station_17,2,0,3,3,4
83,Station_17,3,3,2,3,9
84,Station_17,4,2,1,2,5
85,Station_18,0,2,1,2,5
86,Station_18,1,1,1,1,4
87,Station_18,2,0,3,3,4
88,Station_18,3,3,2,3,8
89,Station_18,4,1,0,1,5
90,Station_19,0,3,3,3,10
91,Station_19,1,3,2,3,8
92,Station_19,2,1,2,2,7
93,Station_19,3,1,0,1,2
94,Station_19,4,1,0,1,5
95,Station_20,0,1,0,1,3
96,Station_20,1,1,1,1,5
97,Station_20,2,3,0,3,4
98,Station_20,3,1,2,2,6
99,Station_20,4,0,0,0,1
100,Station_21,0,2,2,2,6
101,Station_21,1,1,3,3,7
102,Station_21,2,1,1,1,6
103,Station_21,3,3,3,3,7
104,Station_21,4,1,3,3,7
105,Station_22,0,1,2,2,7
106,Station_22,1,1,3,3,7
107,Station_22,2,3,2,3,8
108,Station_22,3,1,0,1,4
109,Station_22,4,2,0,2,3
110,Station_23,0,3,2,3,9
111,Station_23,1,2,0,2,4
112,Station_23,2,3,1,3,5
113,Station_23,3,1,3,3,5
114,Station_23,4,2,1,2,4
115,Station_24,0,3,3,3,8
116,Station_24,1,0,0,0,4
117,Station_24,2,1,1,1,6
118,Station_24,3,3,0,3,7
119,Station_24,4,0,3,3,6
120,Station_25,0,3,2,3,8
121,Station_25,1,0,2,2,5
122,Station_25,2,1,1,1,4
123,Station_25,3,2,0,2,5
124,Station_25,4,0,0,0,2
125,Station_26,0,3,1,3,8
126,Station_26,1,1,2,2,6
127,Station_26,2,0,3,3,6
128,Station_26,3,3,1,3,5
129,Station_26,4,3,3,3,8
130,Station_27,0,3,2,3,9
131,Station_27,1,0,0,0,1
132,Station_27,2,0,2,2,3
133,Station_27,3,0,1,1,5
134,Station_27,4,2,0,2,3
135,Station_28,0,0,1,1,3
136,Station_28,1,0,1,1,3
137,Station_28,2,0,2,2,5
138,Station_28,3,2,1,2,4
139,Station_28,4,0,2,2,5
140,Station_29,0,3,0,3,4
141,Station_29,1,0,2,2,4
142,Station_29,2,3,0,3,5
143,Station_29,3,3,2,3,7
144,Station_29,4,3,3,3,7
145,Station_30,0,2,3,3,7
146,Station_30,1,2,1,2,4
147,Station_30,2,2,2,2,7
148,Station_30,3,0,2,2,3
149,Station_30,4,3,0,3,6
150,Station_31,0,2,1,2,4
151,Station_31,1,2,2,2,7
152,Station_31,2,0,1,1,3
153,Station_31,3,2,3,3,8
154,Station_31,4,0,2,2,4
155,Station_32,0,1,2,2,5
156,Station_32,1,2,1,2,6
157,Station_32,2,1,2,2,4
158,Station_32,3,0,1,1,2
159,Station_32,4,3,2,3,9
160,Station_33,0,2,0,2,3
161,Station_33,1,0,1,1,5
162,Station_33,2,3,2,3,6
163,Station_33,3,3,3,3,7
164,Station_33,4,1,2,2,5
165,Station_34,0,0,3,3,7
166,Station_34,1,3,3,3,7
167,Station_34,2,2,0,2,6
168,Station_34,3,2,1,2,5
169,Station_34,4,1,2,2,5
170,Station_35,0,3,0,3,7
171,Station_35,1,0,2,2,4
172,Station_35,2,2,3,3,8
173,Station_35,3,3,1,3,7
174,Station_35,4,3,2,3,7
175,Station_36,0,1,2,2,6
176,Station_36,1,2,3,3,6
177,Station_36,2,2,2,2,8
178,Station_36,3,0,2,2,3
179,Station_36,4,2,3,3,9
180,Station_37,0,0,0,0,2
181,Station_37,1,2,3,3,6
182,Station_37,2,1,0,1,3
183,Station_37,3,2,1,2,5
184,Station_37,4,0,0,0,4
185,Station_38,0,0,0,0,4
186,Station_38,1,1,1,1,6
187,Station_38,2,2,0,2,3
188,Station_38,3,2,3,3,8
189,Station_38,4,1,0,1,5
190,Station_39,0,2,1,2,7
191,Station_39,1,2,3,3,6
192,Station_39,2,0,1,1,5
193,Station_39,3,2,1,2,4
194,Station_39,4,2,2,2,6
195,Station_40,0,1,2,2,7
196,Station_40,1,1,1,1,6
197,Station_40,2,3,1,3,6
198,Station_40,3,0,1,1,3
199,Station_40,4,2,2,2,6
200,Station_41,0,2,2,2,8
201,Station_41,1,3,0,3,6
202,Station_41,2,2,0,2,5
203,Station_41,3,0,1,1,4
204,Station_41,4,3,3,3,10
205,Station_42,0,0,3,3,5
206,Station_42,1,3,2,3,9
207,Station_42,2,3,2,3,7
208,Station_42,3,1,2,2,7
209,Station_42,4,0,1,1,5
210,Station_43,0,2,3,3,7
211,Station_43,1,2,0,2,5
212,Station_43,2,0,1,1,3
213,Station_43,3,2,0,2,3
214,Station_43,4,2,0,2,3
215,Station_44,0,0,1,1,3
216,Station_44,1,3,0,3,7
217,Station_44,2,0,3,3,4
218,Station_44,3,3,0,3,4
219,Station_44,4,2,3,3,9
220,Station_45,0,2,3,3,9
221,Station_45,1,2,3,3,8
222,Station_45,2,1,2,2,7
223,Station_45,3,3,0,3,5
224,Station_45,4,1,1,1,4
225,Station_46,0,1,1,1,5
226,Station_46,1,0,0,0,1
227,Station_46,2,1,2,2,4
228,Station_46,3,0,2,2,6
229,Station_46,4,0,3,3,5
230,Station_47,0,1,0,1,2
231,Station_47,1,3,0,3,6
232,Station_47,2,3,1,3,7
233,Station_47,3,3,0,3,5
234,Station_47,4,3,2,3,8
235,Station_48,0,3,0,3,6
236,Station_48,1,1,1,1,4
237,Station_48,2,1,3,3,8
238,Station_48,3,2,1,2,7
239,Station_48,4,3,1,3,7
240,Station_49,0,1,3,3,8
241,Station_49,1,2,1,2,7
242,Station_49,2,3,1,3,7
243,Station_49,3,0,0,0,4
244,Station_49,4,2,0,2,5
245,Station_50,0,1,3,3,5
246,Station_50,1,0,0,0,2
247,Station_50,2,0,0,0,2
248,Station_50,3,0,1,1,5
249,Station_50,4,2,2,2,8
250,Station_51,0,1,0,1,5
251,Station_51,1,0,2,2,4
252,Station_51,2,3,0,3,4
253,Station_51,3,0,0,0,1
254,Station_51,4,0,3,3,5
255,Station_52,0,2,3,3,6
256,Station_52,1,2,3,3,7
257,Station_52,2,1,2,2,4
258,Station_52,3,3,1,3,7
259,Station_52,4,2,0,2,5
260,Station_53,0,0,0,0,2
261,Station_53,1,1,0,1,2
262,Station_53,2,0,2,2,6
263,Station_53,3,0,3,3,4
264,Station_53,4,2,1,2,6
265,Station_54,0,1,2,2,6
266,Station_54,1,3,3,3,7
267,Station_54,2,3,2,3,6
268,Station_54,3,2,1,2,7
269,Station_54,4,2,3,3,9
270,Station_55,0,1,2,2,4
271,Station_55,1,3,1,3,5
272,Station_55,2,3,0,3,4
273,Station_55,3,3,1,3,5
274,Station_55,4,0,0,0,2
275,Station_56,0,3,2,3,6
276,Station_56,1,0,3,3,7
277,Station_56,2,1,3,3,7
278,Station_56,3,0,2,2,4
279,Station_56,4,1,3,3,5
280,Station_57,0,3,3,3,9
281,Station_57,1,3,0,3,5
282,Station_57,2,1,2,2,6
283,Station_57,3,2,1,2,4
284,Station_57,4,1,0,1,2
285,Station_58,0,2,2,2,8
286,Station_58,1,0,0,0,1
287,Station_58,2,0,1,1,2
288,Station_58,3,0,1,1,3
289,Station_58,4,3,2,3,9
290,Station_59,0,0,1,1,3
291,Station_59,1,2,0,2,5
292,Station_59,2,0,1,1,2
293,Station_59,3,1,0,1,4
294,Station_59,4,1,0,1,3
295,Station_60,0,3,1,3,5
296,Station_60,1,1,2,2,4
297,Station_60,2,2,3,3,7
298,Station_60,3,0,1,1,3
299,Station_60,4,3,0,3,5
300,Station_61,0,0,0,0,2
301,Station_61,1,0,1,1,3
302,Station_61,2,2,2,2,5
303,Station_61,3,1,2,2,5
304,Station_61,4,1,0,1,2
305,Station_62,0,0,0,0,1
306,Station_62,1,3,2,3,7
307,Station_62,2,1,3,3,6
308,Station_62,3,3,1,3,8
309,Station_62,4,1,0,1,2
310,Station_63,0,3,0,3,5
311,Station_63,1,2,2,2,6
312,Station_63,2,3,1,3,6
313,Station_63,3,2,2,2,8
314,Station_63,4,2,1,2,7
315,Station_64,0,3,1,3,7
316,Station_64,1,2,1,2,4
317,Station_64,2,0,0,0,3
318,Station_64,3,2,3,3,7
319,Station_64,4,1,2,2,7
320,Station_65,0,3,3,3,10
321,Station_65,1,0,2,2,5
322,Station_65,2,3,1,3,8
323,Station_65,3,1,0,1,3
324,Station_65,4,1,3,3,8
325,Station_66,0,1,0,1,4
326,Station_66,1,2,2,2,6
327,Station_66,2,2,0,2,5
328,Station_66,3,3,0,3,7
329,Station_66,4,3,3,3,9
330,Station_67,0,0,1,1,4
331,Station_67,1,0,0,0,1
332,Station_67,2,3,1,3,8
333,Station_67,3,2,2,2,8
334,Station_67,4,1,0,1,4
335,Station_68,0,3,3,3,7
336,Station_68,1,0,2,2,6
337,Station_68,2,2,2,2,6
338,Station_68,3,3,3,3,9
339,Station_68,4,3,0,3,7
340,Station_69,0,2,0,2,4
341,Station_69,1,3,2,3,9
342,Station_69,2,2,0,2,4
343,Station_69,3,1,1,1,5
344,Station_69,4,2,3,3,9
345,Station_70,0,2,1,2,7
346,Station_70,1,2,0,2,3
347,Station_70,2,3,2,3,8
348,Station_70,3,3,3,3,8
349,Station_70,4,2,0,2,6
350,Station_71,0,3,0,3,7
351,Station_71,1,0,2,2,4
352,Station_71,2,0,2,2,5
353,Station_71,3,3,1,3,5
354,Station_71,4,3,3,3,7
355,Station_72,0,2,3,3,9
356,Station_72,1,1,2,2,5
357,Station_72,2,3,1,3,8
358,Station_72,3,0,3,3,5
359,Station_72,4,2,2,2,5
360,Station_73,0,3,0,3,6
361,Station_73,1,0,3,3,5
362,Station_73,2,0,1,1,2
363,Station_73,3,1,1,1,6
364,Station_73,4,2,1,2,5
365,Station_74,0,2,0,2,5
366,Station_74,1,1,3,3,8
367,Station_74,2,1,3,3,8
368,Station_74,3,2,0,2,3
369,Station_74,4,2,3,3,7
370,Station_75,0,3,0,3,7
371,Station_75,1,3,0,3,6
372,Station_75,2,1,0,1,3
373,Station_75,3,3,1,3,7
374,Station_75,4,0,3,3,7
375,Station_76,0,3,0,3,6
376,Station_76,1,3,3,3,7
377,Station_76,2,0,1,1,4
378,Station_76,3,1,0,1,3
379,Station_76,4,0,2,2,5
380,Station_77,0,3,1,3,7
381,Station_77,1,1,2,2,4
382,Station_77,2,3,3,3,9
383,Station_77,3,0,3,3,6
384,Station_77,4,0,1,1,5
385,Station_78,0,3,3,3,10
386,Station_78,1,2,2,2,6
387,Station_78,2,2,0,2,6
388,Station_78,3,0,0,0,4
389,Station_78,4,0,0,0,4
390,Station_79,0,2,1,2,7
391,Station_79,1,2,3,3,6
392,Station_79,2,3,2,3,9
393,Station_79,3,3,3,3,7
394,Station_79,4,2,3,3,6
395,Station_80,0,3,3,3,10
396,Station_80,1,3,0,3,6
397,Station_80,2,1,2,2,4
398,Station_80,3,3,2,3,8
399,Station_80,4,0,3,3,6
400,Station_81,0,3,0,3,7
401,Station_81,1,3,0,3,5
402,Station_81,2,2,2,2,8
403,Station_81,3,0,0,0,2
404,Station_81,4,3,0,3,5
405,Station_82,0,3,0,3,7
406,Station_82,1,1,1,1,6
407,Station_82,2,3,3,3,8
408,Station_82,3,3,2,3,9
409,Station_82,4,1,2,2,5
410,Station_83,0,2,1,2,6
411,Station_83,1,3,3,3,10
412,Station_83,2,1,2,2,6
413,Station_83,3,0,0,0,1
414,Station_83,4,2,2,2,7
415,Station_84,0,0,0,0,3
416,Station_84,1,0,1,1,3
417,Station_84,2,1,0,1,4
418,Station_84,3,3,2,3,9
419,Station_84,4,1,2,2,5
420,Station_85,0,1,2,2,4
421,Station_85,1,1,1,1,6
422,Station_85,2,1,1,1,3
423,Station_85,3,2,3,3,8
424,Station_85,4,3,2,3,9
425,Station_86,0,0,0,0,4
426,Station_86,1,0,1,1,2
427,Station_86,2,3,2,3,9
428,Station_86,3,0,2,2,6
429,Station_86,4,3,1,3,8
430,Station_87,0,0,3,3,6
431,Station_87,1,1,1,1,3
432,Station_87,2,0,1,1,5
433,Station_87,3,3,0,3,5
434,Station_87,4,3,0,3,5
435,Station_88,0,3,3,3,8
436,Station_88,1,3,2,3,7
437,Station_88,2,3,1,3,7
438,Station_88,3,2,3,3,9
439,Station_88,4,2,0,2,3
440,Station_89,0,0,1,1,5
441,Station_89,1,3,2,3,8
442,Station_89,2,0,0,0,2
443,Station_89,3,3,0,3,6
444,Station_89,4,3,0,3,7
445,Station_90,0,2,3,3,6
446,Station_90,1,2,2,2,7
447,Station_90,2,1,1,1,3
448,Station_90,3,2,3,3,8
449,Station_90,4,1,3,3,5
450,Station_91,0,1,3,3,5
451,Station_91,1,1,0,1,3
452,Station_91,2,1,2,2,4
453,Station_91,3,1,3,3,6
454,Station_91,4,0,1,1,5
455,Station_92,0,2,2,2,8
456,Station_92,1,1,1,1,4
457,Station_92,2,3,2,3,7
458,Station_92,3,2,1,2,6
459,Station_92,4,2,0,2,5
460,Station_93,0,1,3,3,7
461,Station_93,1,0,1,1,5
462,Station_93,2,1,2,2,6
463,Station_93,3,0,3,3,4
464,Station_93,4,3,3,3,7
465,Station_94,0,2,2,2,7
466,Station_94,1,3,1,3,5
467,Station_94,2,0,0,0,4
468,Station_94,3,0,0,0,1
469,Station_94,4,3,1,3,8
470,Station_95,0,0,3,3,5
471,Station_95,1,3,3,3,8
472,Station_95,2,2,3,3,7
473,Station_95,3,3,3,3,8
474,Station_95,4,2,1,2,4
475,Station_96,0,3,3,3,9
476,Station_96,1,0,2,2,3
477,Station_96,2,3,3,3,10
478,Station_96,3,0,0,0,1
479,Station_96,4,3,3,3,7
480,Station_97,0,3,1,3,8
481,Station_97,1,1,0,1,3
482,Station_97,2,0,1,1,3
483,Station_97,3,1,1,1,4
484,Station_97,4,0,0,0,3
485,Station_98,0,1,1,1,6
486,Station_98,1,2,1,2,7
487,Station_98,2,3,3,3,7
488,Station_98,3,0,2,2,5
489,Station_98,4,0,1,1,3
490,Station_99,0,3,1,3,7
491,Station_99,1,0,1,1,5
492,Station_99,2,0,3,3,7
493,Station_99,3,1,2,2,4
494,Station_99,4,0,0,0,1
495,Station_100,0,2,3,3,9
496,Station_100,1,2,3,3,7
497,Station_100,2,3,2,3,7
498,Station_100,3,0,2,2,5
499,Station_100,4,3,3,3,10
500,Station_101,0,2,0,2,6
501,Station_101,1,0,3,3,5
502,Station_101,2,0,2,2,4
503,Station_101,3,3,0,3,7
504,Station_101,4,2,2,2,5
505,Station_102,0,0,0,0,4
506,Station_102,1,3,1,3,8
507,Station_102,2,2,2,2,6
508,Station_102,3,3,2,3,7
509,Station_102,4,1,3,3,5
510,Station_103,0,0,2,2,3
511,Station_103,1,1,2,2,6
512,Station_103,2,2,1,2,7
513,Station_103,3,1,2,2,5
514,Station_103,4,1,1,1,3
515,Station_104,0,2,1,2,6
516,Station_104,1,3,1,3,7
517,Station_104,2,1,1,1,4
518,Station_104,3,3,0,3,5
519,Station_104,4,1,3,3,7
520,Station_105,0,3,0,3,4
521,Station_105,1,2,2,2,7
522,Station_105,2,1,0,1,5
523,Station_105,3,2,0,2,6
524,Station_105,4,1,2,2,5
525,Station_106,0,2,2,2,5
526,Station_106,1,2,2,2,5
527,Station_106,2,1,0,1,5
528,Station_106,3,1,0,1,4
529,Station_106,4,1,2,2,5
530,Station_107,0,0,3,3,6
531,Station_107,1,3,3,3,9
532,Station_107,2,0,1,1,4
533,Station_107,3,0,2,2,3
534,Station_107,4,2,1,2,7
535,Station_108,0,1,3,3,5
536,Station_108,1,3,1,3,8
537,Station_108,2,2,2,2,6
538,Station_108,3,0,2,2,4
539,Station_108,4,1,2,2,6
540,Station_109,0,2,0,2,6
541,Station_109,1,1,1,1,6
542,Station_109,2,2,3,3,9
543,Station_109,3,1,3,3,7
544,Station_109,4,0,3,3,6
545,Station_110,0,3,0,3,5
546,Station_110,1,0,0,0,1
547,Station_110,2,3,2,3,9
548,Station_110,3,1,3,3,8
549,Station_110,4,2,0,2,3
550,Station_111,0,0,2,2,6
551,Station_111,1,3,3,3,9
552,Station_111,2,0,1,1,4
553,Station_111,3,3,2,3,9
554,Station_111,4,0,0,0,3
555,Station_112,0,3,0,3,6
556,Station_112,1,3,2,3,9
557,Station_112,2,1,2,2,5
558,Station_112,3,3,0,3,4
559,Station_112,4,1,1,1,5
560,Station_113,0,3,3,3,8
561,Station_113,1,2,1,2,6
562,Station_113,2,2,2,2,7
563,Station_113,3,2,1,2,4
564,Station_113,4,3,0,3,6
565,Station_114,0,1,2,2,4
566,Station_114,1,1,3,3,5
567,Station_114,2,3,0,3,4
568,Station_114,3,2,0,2,4
569,Station_114,4,2,3,3,9
570,Station_115,0,1,3,3,6
571,Station_115,1,2,1,2,7
572,Station_115,2,0,2,2,6
573,Station_115,3,1,3,3,5
574,Station_115,4,2,3,3,8
575,Station_116,0,1,2,2,4
576,Station_116,1,0,3,3,6
577,Station_116,2,1,3,3,8
578,Station_116,3,1,1,1,3
579,Station_116,4,1,0,1,4
580,Station_117,0,1,0,1,3
581,Station_117,1,0,0,0,3
582,Station_117,2,3,0,3,4
583,Station_117,3,1,3,3,6
584,Station_117,4,1,2,2,6
585,Station_118,0,2,2,2,7
586,Station_118,1,1,1,1,5
587,Station_118,2,2,1,2,6
588,Station_118,3,3,3,3,9
589,Station_118,4,0,2,2,4
590,Station_119,0,0,2,2,6
591,Station_119,1,3,0,3,5
592,Station_119,2,0,3,3,5
593,Station_119,3,3,3,3,8
594,Station_119,4,3,0,3,7
595,Station_120,0,3,3,3,7
596,Station_120,1,0,3,3,7
597,Station_120,2,2,1,2,5
598,Station_120,3,3,2,3,8
599,Station_120,4,1,3,3,7
600,Station_121,0,0,1,1,3
601,Station_121,1,3,2,3,8
602,Station_121,2,3,0,3,5
603,Station_121,3,1,1,1,5
604,Station_121,4,2,1,2,7
605,Station_122,0,2,2,2,5
606,Station_122,1,2,0,2,3
607,Station_122,2,3,1,3,8
608,Station_122,3,3,3,3,10
609,Station_122,4,3,3,3,8
610,Station_123,0,0,3,3,5
611,Station_123,1,1,0,1,3
612,Station_123,2,3,1,3,7
613,Station_123,3,1,3,3,6
614,Station_123,4,1,0,1,5
615,Station_124,0,2,3,3,6
616,Station_124,1,0,2,2,5
617,Station_124,2,3,1,3,6
618,Station_124,3,2,1,2,6
619,Station_124,4,2,0,2,5
620,Station_125,0,3,0,3,5
621,Station_125,1,1,1,1,5
622,Station_125,2,2,3,3,6
623,Station_125,3,1,3,3,8
624,Station_125,4,0,2,2,6
625,Station_126,0,1,3,3,5
626,Station_126,1,0,0,0,3
627,Station_126,2,1,0,1,3
628,Station_126,3,2,3,3,8
629,Station_126,4,2,0,2,3
630,Station_127,0,0,1,1,4
631,Station_127,1,3,1,3,8
632,Station_127,2,0,3,3,6
633,Station_127,3,0,1,1,2
634,Station_127,4,1,1,1,6
635,Station_128,0,1,2,2,6
636,Station_128,1,0,2,2,5
637,Station_128,2,2,1,2,7
638,Station_128,3,1,3,3,6
639,Station_128,4,3,2,3,9
640,Station_129,0,1,0,1,3
641,Station_129,1,1,0,1,2
642,Station_129,2,3,0,3,4
643,Station_129,3,0,3,3,7
644,Station_129,4,3,1,3,8
645,Station_130,0,0,0,0,1
646,Station_130,1,0,3,3,5
647,Station_130,2,0,2,2,3
648,Station_130,3,3,1,3,8
649,Station_130,4,0,2,2,3
650,Station_131,0,2,3,3,9
651,Station_131,1,3,0,3,7
652,Station_131,2,2,0,2,3
653,Station_131,3,0,3,3,5
654,Station_131,4,1,0,1,4
655,Station_132,0,0,1,1,2
656,Station_132,1,2,3,3,8
657,Station_132,2,2,2,2,5
658,Station_132,3,3,3,3,9
659,Station_132,4,1,1,1,4
660,Station_133,0,3,1,3,6
661,Station_133,1,2,3,3,6
662,Station_133,2,0,3,3,7
663,Station_133,3,1,0,1,4
664,Station_133,4,0,1,1,5
665,Station_134,0,0,3,3,7
666,Station_134,1,1,3,3,8
667,Station_134,2,3,1,3,6
668,Station_134,3,0,3,3,4
669,Station_134,4,2,0,2,3
670,Station_135,0,0,1,1,3
671,Station_135,1,1,0,1,3
672,Station_135,2,1,0,1,2
673,Station_135,3,1,0,1,5
674,Station_135,4,3,0,3,6
675,Station_136,0,0,1,1,4
676,Station_136,1,3,0,3,6
677,Station_136,2,3,0,3,7
678,Station_136,3,1,3,3,5
679,Station_136,4,1,1,1,4
680,Station_137,0,3,1,3,5
681,Station_137,1,0,2,2,6
682,Station_137,2,2,1,2,5
683,Station_137,3,3,1,3,8
684,Station_137,4,0,2,2,5
685,Station_138,0,1,1,1,5
686,Station_138,1,1,1,1,6
687,Station_138,2,0,1,1,3
688,Station_138,3,2,1,2,5
689,Station_138,4,1,2,2,4
690,Station_139,0,1,1,1,5
691,Station_139,1,1,1,1,3
692,Station_139,2,0,2,2,3
693,Station_139,3,3,3,3,10
694,Station_139,4,1,0,1,5
695,Station_140,0,3,3,3,7
696,Station_140,1,2,2,2,7
697,Station_140,2,1,0,1,5
698,Station_140,3,1,2,2,4
699,Station_140,4,2,2,2,5
700,Station_141,0,1,1,1,3
701,Station_141,1,3,0,3,4
702,Station_141,2,0,1,1,2
703,Station_141,3,3,0,3,4
704,Station_141,4,0,2,2,6
705,Station_142,0,0,2,2,5
706,Station_142,1,3,3,3,7
707,Station_142,2,3,0,3,5
708,Station_142,3,3,1,3,8
709,Station_142,4,3,3,3,10
710,Station_143,0,2,3,3,6
711,Station_143,1,1,3,3,8
712,Station_143,2,0,1,1,2
713,Station_143,3,3,3,3,9
714,Station_143,4,3,1,3,7
715,Station_144,0,3,3,3,10
716,Station_144,1,2,1,2,7
717,Station_144,2,3,2,3,7
718,Station_144,3,3,2,3,9
719,Station_144,4,3,2,3,7
720,Station_145,0,1,2,2,6
721,Station_145,1,2,2,2,7
722,Station_145,2,3,3,3,7
723,Station_145,3,0,3,3,6
724,Station_145,4,0,3,3,5
725,Station_146,0,0,1,1,5
726,Station_146,1,2,1,2,4
727,Station_146,2,2,1,2,5
728,Station_146,3,0,1,1,5
729,Station_146,4,3,2,3,6
730,Station_147,0,2,2,2,7
731,Station_147,1,0,2,2,4
732,Station_147,2,0,0,0,4
733,Station_147,3,3,3,3,7
734,Station_147,4,1,1,1,3
735,Station_148,0,2,1,2,6
736,Station_148,1,3,2,3,9
737,Station_148,2,0,1,1,4
738,Station_148,3,0,1,1,4
739,Station_148,4,3,3,3,10
740,Station_149,0,2,2,2,8
741,Station_149,1,1,3,3,8
742,Station_149,2,1,0,1,3
743,Station_149,3,0,0,0,4
744,Station_149,4,2,0,2,3
745,Station_150,0,1,2,2,6
746,Station_150,1,2,1,2,5
747,Station_150,2,2,2,2,8
748,Station_150,3,0,2,2,4
749,Station_150,4,1,1,1,6
750,Station_151,0,3,3,3,8
751,Station_151,1,0,0,0,3
752,Station_151,2,1,3,3,7
753,Station_151,3,1,0,1,2
754,Station_151,4,1,2,2,4
755,Station_152,0,1,0,1,5
756,Station_152,1,1,2,2,6
757,Station_152,2,2,3,3,7
758,Station_152,3,0,2,2,4
759,Station_152,4,2,3,3,7
760,Station_153,0,3,1,3,5
761,Station_153,1,1,1,1,4
762,Station_153,2,0,1,1,2
763,Station_153,3,1,2,2,4
764,Station_153,4,0,1,1,5
765,Station_154,0,2,0,2,4
766,Station_154,1,0,3,3,5
767,Station_154,2,3,3,3,9
768,Station_154,3,3,0,3,7
769,Station_154,4,0,2,2,5
770,Station_155,0,0,2,2,6
771,Station_155,1,0,3,3,5
772,Station_155,2,0,1,1,2
773,Station_155,3,3,2,3,6
774,Station_155,4,1,2,2,4
775,Station_156,0,0,0,0,1
776,Station_156,1,0,0,0,1
777,Station_156,2,3,1,3,7
778,Station_156,3,3,2,3,9
779,Station_156,4,2,2,2,6
780,Station_157,0,0,0,0,3
781,Station_157,1,2,2,2,8
782,Station_157,2,3,3,3,7
783,Station_157,3,3,0,3,7
784,Station_157,4,1,1,1,6
785,Station_158,0,0,0,0,1
786,Station_158,1,2,2,2,5
787,Station_158,2,3,1,3,5
788,Station_158,3,3,0,3,5
789,Station_158,4,2,3,3,6
790,Station_159,0,1,3,3,6
791,Station_159,1,3,0,3,4
792,Station_159,2,0,3,3,5
793,Station_159,3,3,3,3,10
794,Station_159,4,0,3,3,6
795,Station_160,0,2,1,2,7
796,Station_160,1,0,3,3,7
797,Station_160,2,2,3,3,6
798,Station_160,3,0,3,3,5
799,Station_160,4,2,1,2,6
800,Station_161,0,0,0,0,1
801,Station_161,1,1,2,2,4
802,Station_161,2,0,3,3,4
803,Station_161,3,0,0,0,4
804,Station_161,4,1,3,3,6
805,Station_162,0,3,1,3,6
806,Station_162,1,3,0,3,6
807,Station_162,2,0,1,1,3
808,Station_162,3,1,3,3,6
809,Station_162,4,0,3,3,4
810,Station_163,0,2,1,2,4
811,Station_163,1,2,2,2,8
812,Station_163,2,0,1,1,2
813,Station_163,3,3,3,3,7
814,Station_163,4,3,1,3,5
815,Station_164,0,0,2,2,3
816,Station_164,1,0,1,1,5
817,Station_164,2,2,2,2,5
818,Station_164,3,3,2,3,8
819,Station_164,4,0,1,1,4
820,Station_165,0,2,1,2,6
821,Station_165,1,3,0,3,6
822,Station_165,2,1,3,3,5
823,Station_165,3,2,2,2,7
824,Station_165,4,3,0,3,4
825,Station_166,0,3,1,3,8
826,Station_166,1,2,3,3,8
827,Station_166,2,1,0,1,3
828,Station_166,3,2,2,2,7
829,Station_166,4,3,0,3,6
830,Station_167,0,0,2,2,3
831,Station_167,1,0,1,1,4
832,Station_167,2,2,3,3,7
833,Station_167,3,3,3,3,7
834,Station_167,4,0,3,3,4
835,Station_168,0,3,1,3,8
836,Station_168,1,2,2,2,8
837,Station_168,2,0,1,1,4
838,Station_168,3,3,3,3,10
839,Station_168,4,0,1,1,5
840,Station_169,0,2,1,2,7
841,Station_169,1,3,1,3,5
842,Station_169,2,0,2,2,3
843,Station_169,3,2,0,2,3
844,Station_169,4,0,0,0,4
845,Station_170,0,0,1,1,2
846,Station_170,1,1,0,1,5
847,Station_170,2,1,0,1,2
848,Station_170,3,2,1,2,4
849,Station_170,4,1,1,1,4
850,Station_171,0,2,3,3,8
851,Station_171,1,1,0,1,5
852,Station_171,2,0,2,2,4
853,Station_171,3,2,1,2,4
854,Station_171,4,2,3,3,9
855,Station_172,0,0,2,2,3
856,Station_172,1,2,0,2,5
857,Station_172,2,2,3,3,7
858,Station_172,3,1,1,1,5
859,Station_172,4,2,2,2,6
860,Station_173,0,3,1,3,5
861,Station_173,1,0,0,0,3
862,Station_173,2,1,2,2,6
863,Station_173,3,1,0,1,2
864,Station_173,4,3,0,3,6
865,Station_174,0,0,3,3,7
866,Station_174,1,0,1,1,3
867,Station_174,2,1,2,2,5
868,Station_174,3,2,0,2,4
869,Station_174,4,1,0,1,5
870,Station_175,0,0,2,2,4
871,Station_175,1,3,0,3,4
872,Station_175,2,1,3,3,7
873,Station_175,3,0,3,3,7
874,Station_175,4,1,3,3,6
875,Station_176,0,2,3,3,6
876,Station_176,1,1,0,1,4
877,Station_176,2,1,2,2,6
878,Station_176,3,0,2,2,6
879,Station_176,4,0,2,2,6
880,Station_177,0,0,2,2,6
881,Station_177,1,1,1,1,3
882,Station_177,2,2,2,2,5
883,Station_177,3,3,1,3,8
884,Station_177,4,3,1,3,6
885,Station_178,0,0,3,3,6
886,Station_178,1,0,1,1,4
887,Station_178,2,1,0,1,2
888,Station_178,3,3,1,3,7
889,Station_178,4,0,3,3,5
890,Station_179,0,2,1,2,6
891,Station_179,1,2,0,2,3
892,Station_179,2,0,0,0,1
893,Station_179,3,0,0,0,2
894,Station_179,4,3,3,3,8
895,Station_180,0,3,3,3,9
896,Station_180,1,1,2,2,6
897,Station_180,2,3,3,3,7
898,Station_180,3,2,0,2,4
899,Station_180,4,2,0,2,4
900,Station_181,0,0,3,3,5
901,Station_181,1,3,1,3,7
902,Station_181,2,1,3,3,6
903,Station_181,3,2,3,3,6
904,Station_181,4,2,0,2,3
905,Station_182,0,1,2,2,6
906,Station_182,1,1,0,1,5
907,Station_182,2,2,2,2,7
908,Station_182,3,2,0,2,6
909,Station_182,4,1,3,3,6
910,Station_183,0,2,0,2,5
911,Station_183,1,0,0,0,1
912,Station_183,2,0,0,0,2
913,Station_183,3,1,3,3,5
914,Station_183,4,3,3,3,8
915,Station_184,0,1,3,3,7
916,Station_184,1,1,3,3,8
917,Station_184,2,3,2,3,7
918,Station_184,3,3,2,3,9
919,Station_184,4,3,1,3,6
920,Station_185,0,0,3,3,4
921,Station_185,1,2,2,2,5
922,Station_185,2,0,0,0,2
923,Station_185,3,2,3,3,9
924,Station_185,4,0,1,1,4
925,Station_186,0,2,1,2,6
926,Station_186,1,0,1,1,2
927,Station_186,2,3,0,3,6
928,Station_186,3,1,2,2,4
929,Station_186,4,0,0,0,3
930,Station_187,0,2,3,3,7
931,Station_187,1,3,1,3,5
932,Station_187,2,0,0,0,1
933,Station_187,3,0,0,0,2
934,Station_187,4,3,2,3,6
935,Station_188,0,0,2,2,5
936,Station_188,1,1,1,1,5
937,Station_188,2,0,0,0,1
938,Station_188,3,1,0,1,4
939,Station_188,4,1,2,2,7
940,Station_189,0,3,0,3,4
941,Station_189,1,0,0,0,2
942,Station_189,2,3,0,3,7
943,Station_189,3,0,2,2,3
944,Station_189,4,0,1,1,3
945,Station_190,0,2,3,3,8
946,Station_190,1,0,1,1,3
947,Station_190,2,3,3,3,10
948,Station_190,3,1,0,1,4
949,Station_190,4,0,1,1,2
950,Station_191,0,2,3,3,8
951,Station_191,1,3,2,3,6
952,Station_191,2,0,2,2,3
953,Station_191,3,3,1,3,6
954,Station_191,4,2,1,2,5
955,Station_192,0,2,0,2,4
956,Station_192,1,3,1,3,8
957,Station_192,2,0,0,0,4
958,Station_192,3,1,0,1,3
959,Station_192,4,2,2,2,8
960,Station_193,0,0,2,2,5
961,Station_193,1,0,3,3,6
962,Station_193,2,1,2,2,7
963,Station_193,3,2,2,2,8
964,Station_193,4,2,1,2,6
965,Station_194,0,0,2,2,3
966,Station_194,1,0,3,3,6
967,Station_194,2,1,1,1,5
968,Station_194,3,1,3,3,8
969,Station_194,4,2,2,2,7
970,Station_195,0,3,3,3,10
971,Station_195,1,2,1,2,7
972,Station_195,2,0,0,0,2
973,Station_195,3,2,3,3,8
974,Station_195,4,3,3,3,7
975,Station_196,0,1,1,1,4
976,Station_196,1,3,1,3,8
977,Station_196,2,3,3,3,10
978,Station_196,3,3,2,3,6
979,Station_196,4,1,3,3,8
980,Station_197,0,3,1,3,7
981,Station_197,1,3,0,3,5
982,Station_197,2,3,0,3,7
983,Station_197,3,0,2,2,6
984,Station_197,4,3,3,3,7
985,Station_198,0,1,0,1,4
986,Station_198,1,3,3,3,10
987,Station_198,2,3,1,3,5
988,Station_198,3,1,0,1,5
989,Station_198,4,3,2,3,6
990,Station_199,0,1,1,1,3
991,Station_199,1,3,2,3,8
992,Station_199,2,1,1,1,6
993,Station_199,3,3,0,3,6
994,Station_199,4,3,2,3,6
995,Station_200,0,0,2,2,4
996,Station_200,1,0,1,1,5
997,Station_200,2,3,2,3,7
998,Station_200,3,3,1,3,8
999,Station_200,4,2,1,2,6
1000,Station_201,0,1,1,1,5
1001,Station_201,1,2,1,2,6
1002,Station_201,2,0,0,0,3
1003,Station_201,3,0,1,1,4
1004,Station_201,4,0,3,3,5
1005,Station_202,0,0,2,2,5
1006,Station_202,1,3,3,3,7
1007,Station_202,2,0,0,0,1
1008,Station_202,3,3,3,3,8
1009,Station_202,4,3,2,3,9
1010,Station_203,0,0,3,3,4
1011,Station_203,1,0,0,0,4
1012,Station_203,2,1,1,1,4
1013,Station_203,3,2,3,3,9
1014,Station_203,4,0,0,0,4
1015,Station_204,0,1,0,1,5
1016,Station_204,1,1,2,2,7
1017,Station_204,2,2,2,2,6
1018,Station_204,3,3,3,3,7
1019,Station_204,4,0,1,1,4
1020,Station_205,0,2,0,2,6
1021,Station_205,1,0,3,3,4
1022,Station_205,2,1,0,1,2
1023,Station_205,3,1,0,1,3
1024,Station_205,4,3,1,3,5
1025,Station_206,0,1,1,1,4
1026,Station_206,1,1,3,3,8
1027,Station_206,2,2,1,2,7
1028,Station_206,3,0,1,1,4
1029,Station_206,4,0,3,3,6
1030,Station_207,0,2,1,2,6
1031,Station_207,1,3,2,3,6
1032,Station_207,2,0,0,0,4
1033,Station_207,3,1,0,1,3
1034,Station_207,4,0,0,0,3
1035,Station_208,0,1,0,1,3
1036,Station_208,1,3,3,3,8
1037,Station_208,2,2,0,2,5
1038,Station_208,3,0,0,0,4
1039,Station_208,4,2,0,2,5
1040,Station_209,0,0,0,0,2
1041,Station_209,1,1,2,2,6
1042,Station_209,2,2,0,2,4
1043,Station_209,3,0,2,2,4
1044,Station_209,4,1,3,3,7
1045,Station_210,0,2,1,2,4
1046,Station_210,1,2,0,2,5
1047,Station_210,2,0,1,1,2
1048,Station_210,3,0,1,1,3
1049,Station_210,4,0,3,3,5
1050,Station_211,0,1,1,1,3
1051,Station_211,1,0,2,2,4
1052,Station_211,2,2,1,2,4
1053,Station_211,3,2,1,2,4
1054,Station_211,4,0,1,1,3
1055,Station_212,0,0,0,0,4
1056,Station_212,1,3,0,3,4
1057,Station_212,2,2,2,2,7
1058,Station_212,3,1,2,2,6
1059,Station_212,4,3,0,3,5
1060,Station_213,0,0,2,2,6
1061,Station_213,1,0,0,0,2
1062,Station_213,2,2,3,3,9
1063,Station_213,3,0,1,1,2
1064,Station_213,4,1,1,1,3
1065,Station_214,0,2,2,2,5
1066,Station_214,1,0,0,0,1
1067,Station_214,2,2,0,2,5
1068,Station_214,3,0,2,2,5
1069,Station_214,4,0,0,0,2
1070,Station_215,0,0,3,3,7
1071,Station_215,1,1,1,1,3
1072,Station_215,2,1,2,2,4
1073,Station_215,3,2,2,2,8
1074,Station_215,4,0,0,0,4
1075,Station_216,0,0,2,2,4
1076,Station_216,1,1,3,3,8
1077,Station_216,2,0,0,0,1
1078,Station_216,3,1,0,1,2
1079,Station_216,4,0,0,0,1
1080,Station_217,0,2,0,2,3
1081,Station_217,1,0,3,3,4
1082,Station_217,2,0,0,0,2
1083,Station_217,3,3,2,3,6
1084,Station_217,4,1,3,3,6
1085,Station_218,0,0,1,1,2
1086,Station_218,1,0,1,1,4
1087,Station_218,2,3,2,3,8
1088,Station_218,3,3,2,3,8
1089,Station_218,4,1,3,3,7
1090,Station_219,0,3,1,3,6
1091,Station_219,1,2,1,2,5
1092,Station_219,2,3,1,3,8
1093,Station_219,3,2,1,2,4
1094,Station_219,4,1,1,1,5
1095,Station_220,0,1,0,1,3
1096,Station_220,1,1,2,2,4
1097,Station_220,2,1,0,1,2
1098,Station_220,3,1,1,1,4
1099,Station_220,4,2,3,3,8
1100,Station_221,0,2,3,3,9
1101,Station_221,1,1,1,1,3
1102,Station_221,2,3,1,3,8
1103,Station_221,3,0,3,3,6
1104,Station_221,4,1,0,1,4
1105,Station_222,0,3,0,3,7
1106,Station_222,1,0,1,1,4
1107,Station_222,2,1,0,1,2
1108,Station_222,3,1,3,3,8
1109,Station_222,4,2,0,2,5
1110,Station_223,0,0,1,1,5
1111,Station_223,1,0,3,3,4
1112,Station_223,2,3,0,3,6
1113,Station_223,3,2,2,2,5
1114,Station_223,4,2,3,3,8
1115,Station_224,0,2,3,3,7
1116,Station_224,1,2,2,2,7
1117,Station_224,2,0,2,2,6
1118,Station_224,3,0,3,3,6
1119,Station_224,4,1,2,2,4
1120,Station_225,0,1,1,1,3
1121,Station_225,1,2,1,2,6
1122,Station_225,2,2,1,2,7
1123,Station_225,3,2,3,3,7
1124,Station_225,4,1,2,2,7
1125,Station_226,0,3,2,3,7
1126,Station_226,1,3,0,3,4
1127,Station_226,2,1,0,1,5
1128,Station_226,3,1,2,2,5
1129,Station_226,4,1,2,2,6
1130,Station_227,0,1,2,2,4
1131,Station_227,1,1,3,3,7
1132,Station_227,2,1,2,2,4
1133,Station_227,3,2,0,2,6
1134,Station_227,4,2,3,3,9
1135,Station_228,0,2,2,2,5
1136,Station_228,1,2,0,2,3
1137,Station_228,2,1,3,3,5
1138,Station_228,3,3,2,3,9
1139,Station_228,4,0,2,2,4
1140,Station_229,0,1,2,2,6
1141,Station_229,1,0,3,3,6
1142,Station_229,2,3,0,3,7
1143,Station_229,3,2,0,2,5
1144,Station_229,4,3,1,3,5
1145,Station_230,0,1,2,2,5
1146,Station_230,1,2,1,2,6
1147,Station_230,2,1,1,1,4
1148,Station_230,3,2,0,2,3
1149,Station_230,4,0,3,3,6
1150,Station_231,0,0,3,3,7
1151,Station_231,1,0,0,0,2
1152,Station_231,2,3,3,3,7
1153,Station_231,3,1,1,1,4
1154,Station_231,4,3,2,3,8
1155,Station_232,0,0,0,0,3
1156,Station_232,1,1,2,2,7
1157,Station_232,2,0,3,3,4
1158,Station_232,3,3,2,3,6
1159,Station_232,4,3,3,3,10
1160,Station_233,0,3,3,3,10
1161,Station_233,1,0,1,1,2
1162,Station_233,2,1,3,3,6
1163,Station_233,3,1,1,1,4
1164,Station_233,4,0,1,1,5
1165,Station_234,0,1,1,1,4
1166,Station_234,1,0,0,0,1
1167,Station_234,2,1,0,1,4
1168,Station_234,3,2,3,3,8
1169,Station_234,4,2,1,2,5
1170,Station_235,0,3,0,3,7
1171,Station_235,1,2,1,2,7
1172,Station_235,2,2,2,2,8
1173,Station_235,3,2,2,2,8
1174,Station_235,4,0,2,2,6
1175,Station_236,0,2,3,3,7
1176,Station_236,1,2,1,2,6
1177,Station_236,2,3,2,3,8
1178,Station_236,3,2,0,2,4
1179,Station_236,4,2,2,2,8
1180,Station_237,0,1,2,2,5
1181,Station_237,1,3,2,3,8
1182,Station_237,2,3,3,3,7
1183,Station_237,3,3,0,3,5
1184,Station_237,4,3,1,3,8
1185,Station_238,0,3,0,3,6
1186,Station_238,1,3,1,3,7
1187,Station_238,2,0,3,3,6
1188,Station_238,3,2,3,3,8
1189,Station_238,4,3,3,3,10
1190,Station_239,0,2,3,3,6
1191,Station_239,1,2,1,2,6
1192,Station_239,2,0,2,2,4
1193,Station_239,3,3,1,3,5
1194,Station_239,4,1,0,1,4
1195,Station_240,0,0,3,3,4
1196,Station_240,1,1,3,3,6
1197,Station_240,2,2,0,2,5
1198,Station_240,3,2,1,2,5
1199,Station_240,4,0,2,2,6
1200,Station_241,0,0,2,2,5
1201,Station_241,1,1,0,1,4
1202,Station_241,2,3,2,3,8
1203,Station_241,3,1,1,1,5
1204,Station_241,4,0,1,1,5
1205,Station_242,0,1,0,1,4
1206,Station_242,1,0,1,1,2
1207,Station_242,2,1,3,3,7
1208,Station_242,3,0,0,0,4
1209,Station_242,4,0,1,1,4
1210,Station_243,0,0,0,0,1
1211,Station_243,1,3,2,3,9
1212,Station_243,2,1,1,1,6
1213,Station_243,3,1,3,3,5
1214,Station_243,4,1,1,1,3
1215,Station_244,0,0,0,0,1
1216,Station_244,1,1,0,1,2
1217,Station_244,2,1,1,1,3
1218,Station_244,3,0,3,3,7
1219,Station_244,4,2,3,3,9
1220,Station_245,0,0,3,3,6
1221,Station_245,1,1,0,1,4
1222,Station_245,2,0,1,1,3
1223,Station_245,3,2,2,2,7
1224,Station_245,4,0,0,0,3
1225,Station_246,0,1,3,3,5
1226,Station_246,1,2,1,2,4
1227,Station_246,2,3,3,3,9
1228,Station_246,3,1,2,2,5
1229,Station_246,4,2,3,3,6
1230,Station_247,0,2,3,3,8
1231,Station_247,1,3,2,3,8
1232,Station_247,2,0,1,1,5
1233,Station_247,3,0,0,0,2
1234,Station_247,4,1,1,1,6
1235,Station_248,0,3,2,3,7
1236,Station_248,1,0,3,3,4
1237,Station_248,2,3,1,3,6
1238,Station_248,3,0,0,0,3
1239,Station_248,4,2,2,2,7
1240,Station_249,0,0,1,1,3
1241,Station_249,1,3,0,3,5
1242,Station_249,2,2,2,2,6
1243,Station_249,3,2,0,2,6
1244,Station_249,4,2,2,2,6
1245,Station_250,0,3,3,3,7
1246,Station_250,1,1,1,1,6
1247,Station_250,2,1,0,1,5
1248,Station_250,3,1,2,2,5
1249,Station_250,4,3,0,3,4
1250,Station_251,0,2,0,2,6
1251,Station_251,1,1,1,1,5
1252,Station_251,2,3,3,3,10
1253,Station_251,3,1,0,1,3
1254,Station_251,4,0,2,2,3
1255,Station_252,0,1,2,2,5
1256,Station_252,1,1,3,3,7
1257,Station_252,2,2,2,2,7
1258,Station_252,3,3,3,3,9
1259,Station_252,4,2,2,2,6
1260,Station_253,0,2,1,2,7
1261,Station_253,1,2,0,2,4
1262,Station_253,2,2,1,2,4
1263,Station_253,3,2,0,2,6
1264,Station_253,4,1,0,1,4
1265,Station_254,0,2,0,2,4
1266,Station_254,1,2,1,2,6
1267,Station_254,2,3,0,3,6
1268,Station_254,3,0,1,1,2
1269,Station_254,4,1,3,3,8
1270,Station_255,0,1,2,2,4
1271,Station_255,1,1,2,2,4
1272,Station_255,2,2,0,2,3
1273,Station_255,3,2,1,2,6
1274,Station_255,4,2,2,2,5
1275,Station_256,0,3,1,3,5
1276,Station_256,1,0,1,1,5
1277,Station_256,2,2,0,2,6
1278,Station_256,3,0,2,2,3
1279,Station_256,4,3,0,3,7
1280,Station_257,0,1,0,1,5
1281,Station_257,1,2,2,2,5
1282,Station_257,2,0,2,2,5
1283,Station_257,3,0,3,3,4
1284,Station_257,4,2,3,3,9
1285,Station_258,0,1,1,1,5
1286,Station_258,1,1,2,2,5
1287,Station_258,2,1,3,3,7
1288,Station_258,3,3,1,3,8
1289,Station_258,4,0,1,1,4
1290,Station_259,0,0,1,1,2
1291,Station_259,1,0,3,3,5
1292,Station_259,2,3,2,3,7
1293,Station_259,3,0,0,0,2
1294,Station_259,4,3,1,3,8
1295,Station_260,0,1,3,3,8
1296,Station_260,1,2,3,3,7
1297,Station_260,2,0,0,0,3
1298,Station_260,3,0,0,0,2
1299,Station_260,4,1,3,3,7
1300,Station_261,0,2,2,2,7
1301,Station_261,1,3,0,3,7
1302,Station_261,2,2,3,3,8
1303,Station_261,3,1,0,1,3
1304,Station_261,4,1,2,2,7
1305,Station_262,0,2,1,2,4
1306,Station_262,1,3,0,3,4
1307,Station_262,2,3,2,3,9
1308,Station_262,3,0,3,3,5
1309,Station_262,4,3,0,3,4
1310,Station_263,0,2,0,2,3
1311,Station_263,1,1,3,3,7
1312,Station_263,2,0,1,1,4
1313,Station_263,3,0,3,3,5
1314,Station_263,4,1,0,1,5
1315,Station_264,0,3,3,3,8
1316,Station_264,1,1,2,2,7
1317,Station_264,2,3,3,3,7
1318,Station_264,3,1,0,1,4
1319,Station_264,4,2,3,3,7
1320,Station_265,0,3,1,3,6
1321,Station_265,1,2,3,3,9
1322,Station_265,2,0,1,1,5
1323,Station_265,3,1,2,2,5
1324,Station_265,4,0,1,1,5
1325,Station_266,0,0,3,3,5
1326,Station_266,1,0,0,0,2
1327,Station_266,2,0,1,1,3
1328,Station_266,3,1,2,2,4
1329,Station_266,4,0,1,1,5
1330,Station_267,0,1,1,1,5
1331,Station_267,1,1,1,1,5
1332,Station_267,2,2,2,2,8
1333,Station_267,3,3,3,3,8
1334,Station_267,4,3,1,3,7
1335,Station_268,0,1,1,1,5
1336,Station_268,1,2,0,2,6
1337,Station_268,2,1,2,2,6
1338,Station_268,3,1,1,1,4
1339,Station_268,4,1,2,2,7
1340,Station_269,0,2,1,2,5
1341,Station_269,1,3,3,3,9
1342,Station_269,2,2,3,3,8
1343,Station_269,3,0,1,1,3
1344,Station_269,4,2,3,3,6
1345,Station_270,0,2,1,2,6
1346,Station_270,1,2,3,3,6
1347,Station_270,2,2,0,2,5
1348,Station_270,3,3,0,3,4
1349,Station_270,4,0,0,0,1
1350,Station_271,0,3,2,3,6
1351,Station_271,1,3,2,3,7
1352,Station_271,2,2,0,2,3
1353,Station_271,3,1,2,2,4
1354,Station_271,4,1,3,3,5
1355,Station_272,0,3,1,3,7
1356,Station_272,1,3,1,3,5
1357,Station_272,2,2,1,2,6
1358,Station_272,3,3,0,3,4
1359,Station_272,4,2,2,2,5
1360,Station_273,0,1,3,3,6
1361,Station_273,1,1,3,3,7
1362,Station_273,2,0,0,0,1
1363,Station_273,3,1,3,3,7
1364,Station_273,4,3,3,3,9
1365,Station_274,0,1,3,3,8
1366,Station_274,1,2,3,3,7
1367,Station_274,2,1,2,2,5
1368,Station_274,3,0,3,3,5
1369,Station_274,4,1,1,1,6
1370,Station_275,0,2,0,2,6
1371,Station_275,1,2,2,2,6
1372,Station_275,2,3,3,3,10
1373,Station_275,3,1,2,2,7
1374,Station_275,4,2,3,3,9
1375,Station_276,0,0,1,1,3
1376,Station_276,1,3,0,3,5
1377,Station_276,2,0,3,3,5
1378,Station_276,3,1,3,3,8
1379,Station_276,4,1,3,3,6
1380,Station_277,0,1,3,3,8
1381,Station_277,1,3,0,3,4
1382,Station_277,2,2,0,2,6
1383,Station_277,3,3,1,3,7
1384,Station_277,4,0,0,0,2
1385,Station_278,0,3,3,3,8
1386,Station_278,1,0,1,1,4
1387,Station_278,2,3,1,3,8
1388,Station_278,3,2,1,2,4
1389,Station_278,4,0,3,3,6
1390,Station_279,0,1,2,2,6
1391,Station_279,1,1,3,3,8
1392,Station_279,2,3,0,3,5
1393,Station_279,3,1,0,1,5
1394,Station_279,4,0,3,3,6
1395,Station_280,0,1,3,3,7
1396,Station_280,1,2,1,2,5
1397,Station_280,2,2,3,3,7
1398,Station_280,3,3,1,3,6
1399,Station_280,4,0,0,0,4
1400,Station_281,0,2,1,2,5
1401,Station_281,1,2,3,3,8
1402,Station_281,2,0,0,0,3
1403,Station_281,3,1,2,2,4
1404,Station_281,4,1,1,1,6
1405,Station_282,0,3,0,3,4
1406,Station_282,1,1,1,1,5
1407,Station_282,2,0,0,0,1
1408,Station_282,3,2,0,2,5
1409,Station_282,4,1,1,1,3
1410,Station_283,0,3,2,3,7
1411,Station_283,1,1,0,1,2
1412,Station_283,2,0,0,0,2
1413,Station_283,3,3,0,3,5
1414,Station_283,4,1,2,2,7
1415,Station_284,0,3,2,3,7
1416,Station_284,1,0,3,3,5
1417,Station_284,2,2,1,2,4
1418,Station_284,3,0,2,2,5
1419,Station_284,4,0,1,1,5
1420,Station_285,0,0,3,3,5
1421,Station_285,1,0,1,1,5
1422,Station_285,2,2,2,2,5
1423,Station_285,3,2,1,2,5
1424,Station_285,4,3,2,3,6
1425,Station_286,0,1,1,1,6
1426,Station_286,1,2,2,2,5
1427,Station_286,2,2,2,2,8
1428,Station_286,3,1,1,1,3
1429,Station_286,4,2,3,3,9
1430,Station_287,0,0,0,0,3
1431,Station_287,1,0,3,3,4
1432,Station_287,2,1,1,1,3
1433,Station_287,3,3,3,3,9
1434,Station_287,4,3,2,3,8
1435,Station_288,0,1,0,1,2
1436,Station_288,1,1,1,1,5
1437,Station_288,2,0,1,1,3
1438,Station_288,3,3,1,3,8
1439,Station_288,4,2,0,2,6
1440,Station_289,0,0,2,2,6
1441,Station_289,1,1,1,1,4
1442,Station_289,2,3,3,3,9
1443,Station_289,3,2,1,2,6
1444,Station_289,4,2,1,2,4
1445,Station_290,0,0,1,1,4
1446,Station_290,1,3,1,3,5
1447,Station_290,2,3,2,3,7
1448,Station_290,3,1,3,3,8
1449,Station_290,4,3,2,3,9
1450,Station_291,0,3,3,3,10
1451,Station_291,1,0,1,1,4
1452,Station_291,2,3,0,3,4
1453,Station_291,3,2,2,2,5
1454,Station_291,4,0,0,0,2
1455,Station_292,0,0,2,2,5
1456,Station_292,1,1,1,1,4
1457,Station_292,2,3,2,3,6
1458,Station_292,3,1,1,1,3
1459,Station_292,4,2,2,2,8
1460,Station_293,0,0,1,1,4
1461,Station_293,1,0,1,1,2
1462,Station_293,2,0,3,3,7
1463,Station_293,3,2,1,2,6
1464,Station_293,4,2,3,3,7
1465,Station_294,0,1,1,1,5
1466,Station_294,1,1,0,1,4
1467,Station_294,2,1,1,1,3
1468,Station_294,3,3,0,3,4
1469,Station_294,4,0,0,0,3
1470,Station_295,0,0,1,1,2
1471,Station_295,1,1,0,1,2
1472,Station_295,2,0,3,3,4
1473,Station_295,3,1,2,2,7
1474,Station_295,4,3,1,3,8
1475,Station_296,0,3,0,3,6
1476,Station_296,1,2,1,2,4
1477,Station_296,2,3,3,3,10
1478,Station_296,3,1,1,1,5
1479,Station_296,4,3,1,3,5
1480,Station_297,0,2,0,2,4
1481,Station_297,1,0,3,3,4
1482,Station_297,2,1,2,2,4
1483,Station_297,3,0,2,2,6
1484,Station_297,4,2,0,2,5
1485,Station_298,0,2,1,2,6
1486,Station_298,1,2,0,2,6
1487,Station_298,2,0,0,0,1
1488,Station_298,3,0,0,0,2
1489,Station_298,4,0,1,1,2
1490,Station_299,0,0,3,3,4
1491,Station_299,1,2,0,2,4
1492,Station_299,2,2,1,2,7
1493,Station_299,3,1,3,3,7
1494,Station_299,4,1,0,1,5
1495,Station_300,0,0,2,2,6
1496,Station_300,1,3,3,3,7
1497,Station_300,2,3,0,3,6
1498,Station_300,3,2,3,3,8
1499,Station_300,4,2,3,3,9
1500,Station_301,0,2,3,3,7
1501,Station_301,1,1,3,3,8
1502,Station_301,2,1,3,3,6
1503,Station_301,3,2,3,3,8
1504,Station_301,4,2,0,2,6
1505,Station_302,0,2,2,2,5
1506,Station_302,1,3,1,3,8
1507,Station_302,2,1,3,3,7
1508,Station_302,3,3,1,3,5
1509,Station_302,4,3,0,3,4
1510,Station_303,0,2,3,3,7
1511,Station_303,1,2,2,2,5
1512,Station_303,2,0,1,1,2
1513,Station_303,3,0,3,3,7
1514,Station_303,4,3,0,3,6
1515,Station_304,0,1,2,2,5
1516,Station_304,1,2,1,2,7
1517,Station_304,2,2,1,2,4
1518,Station_304,3,3,3,3,7
1519,Station_304,4,0,2,2,4
1520,Station_305,0,1,2,2,6
1521,Station_305,1,0,2,2,4
1522,Station_305,2,0,2,2,6
1523,Station_305,3,0,0,0,2
1524,Station_305,4,0,2,2,3
1525,Station_306,0,2,1,2,7
1526,Station_306,1,2,1,2,4
1527,Station_306,2,0,0,0,3
1528,Station_306,3,1,1,1,3
1529,Station_306,4,3,1,3,5
1530,Station_307,0,1,2,2,5
1531,Station_307,1,1,1,1,3
1532,Station_307,2,1,0,1,5
1533,Station_307,3,0,2,2,6
1534,Station_307,4,2,3,3,8
1535,Station_308,0,1,2,2,7
1536,Station_308,1,0,0,0,2
1537,Station_308,2,1,2,2,6
1538,Station_308,3,1,2,2,7
1539,Station_308,4,0,0,0,2
1540,Station_309,0,2,2,2,8
1541,Station_309,1,2,0,2,6
1542,Station_309,2,3,0,3,4
1543,Station_309,3,0,3,3,7
1544,Station_309,4,3,1,3,8
1545,Station_310,0,3,1,3,6
1546,Station_310,1,3,2,3,7
1547,Station_310,2,2,2,2,5
1548,Station_310,3,0,3,3,7
1549,Station_310,4,3,3,3,7
1550,Station_311,0,0,3,3,7
1551,Station_311,1,0,0,0,3
1552,Station_311,2,2,3,3,8
1553,Station_311,3,3,3,3,7
1554,Station_311,4,3,2,3,6
1555,Station_312,0,0,3,3,4
1556,Station_312,1,1,0,1,3
1557,Station_312,2,2,0,2,4
1558,Station_312,3,2,2,2,6
1559,Station_312,4,2,3,3,6
1560,Station_313,0,2,3,3,9
1561,Station_313,1,3,0,3,6
1562,Station_313,2,3,3,3,7
1563,Station_313,3,1,3,3,6
1564,Station_313,4,2,3,3,7
1565,Station_314,0,2,1,2,4
1566,Station_314,1,0,2,2,3
1567,Station_314,2,3,1,3,6
1568,Station_314,3,2,2,2,8
1569,Station_314,4,1,0,1,3
1570,Station_315,0,1,3,3,6
1571,Station_315,1,3,2,3,6
1572,Station_315,2,1,1,1,6
1573,Station_315,3,1,3,3,6
1574,Station_315,4,3,0,3,5
1575,Station_316,0,2,2,2,7
1576,Station_316,1,2,2,2,5
1577,Station_316,2,1,2,2,6
1578,Station_316,3,1,3,3,7
1579,Station_316,4,2,1,2,5
1580,Station_317,0,3,1,3,5
1581,Station_317,1,1,2,2,7
1582,Station_317,2,0,0,0,2
1583,Station_317,3,3,0,3,7
1584,Station_317,4,1,1,1,6
1585,Station_318,0,1,0,1,2
1586,Station_318,1,0,1,1,4
1587,Station_318,2,0,2,2,3
1588,Station_318,3,2,1,2,7
1589,Station_318,4,3,1,3,6
1590,Station_319,0,3,2,3,9
1591,Station_319,1,2,0,2,4
1592,Station_319,2,3,1,3,6
1593,Station_319,3,3,1,3,5
1594,Station_319,4,3,2,3,9
1595,Station_320,0,3,0,3,6
1596,Station_320,1,3,1,3,8
1597,Station_320,2,0,2,2,6
1598,Station_320,3,3,1,3,7
1599,Station_320,4,0,3,3,4
1600,Station_321,0,3,2,3,9
1601,Station_321,1,2,0,2,6
1602,Station_321,2,1,0,1,3
1603,Station_321,3,0,0,0,4
1604,Station_321,4,3,0,3,6
1605,Station_322,0,2,1,2,5
1606,Station_322,1,1,1,1,3
1607,Station_322,2,0,0,0,2
1608,Station_322,3,1,0,1,4
1609,Station_322,4,2,0,2,5
1610,Station_323,0,0,1,1,3
1611,Station_323,1,1,0,1,2
1612,Station_323,2,3,0,3,5
1613,Station_323,3,0,3,3,4
1614,Station_323,4,1,3,3,6
1615,Station_324,0,2,0,2,5
1616,Station_324,1,2,2,2,8
1617,Station_324,2,0,0,0,4
1618,Station_324,3,1,3,3,5
1619,Station_324,4,0,2,2,3
1620,Station_325,0,0,2,2,3
1621,Station_325,1,1,0,1,4
1622,Station_325,2,1,3,3,6
1623,Station_325,3,3,3,3,9
1624,Station_325,4,1,2,2,7
1625,Station_326,0,2,0,2,3
1626,Station_326,1,0,1,1,3
1627,Station_326,2,0,1,1,5
1628,Station_326,3,2,3,3,9
1629,Station_326,4,1,1,1,6
1630,Station_327,0,2,3,3,8
1631,Station_327,1,2,3,3,6
1632,Station_327,2,3,3,3,10
1633,Station_327,3,2,1,2,4
1634,Station_327,4,0,3,3,6
1635,Station_328,0,2,2,2,8
1636,Station_328,1,0,0,0,3
1637,Station_328,2,0,0,0,3
1638,Station_328,3,0,3,3,4
1639,Station_328,4,1,0,1,5
1640,Station_329,0,3,1,3,7
1641,Station_329,1,0,1,1,5
1642,Station_329,2,0,0,0,1
1643,Station_329,3,1,1,1,5
1644,Station_329,4,0,0,0,1
1645,Station_330,0,2,0,2,6
1646,Station_330,1,2,0,2,6
1647,Station_330,2,3,3,3,7
1648,Station_330,3,0,0,0,2
1649,Station_330,4,1,3,3,7
1650,Station_331,0,2,0,2,6
1651,Station_331,1,1,0,1,5
1652,Station_331,2,1,0,1,4
1653,Station_331,3,2,1,2,4
1654,Station_331,4,1,3,3,5
1655,Station_332,0,2,3,3,6
1656,Station_332,1,1,0,1,3
1657,Station_332,2,2,0,2,4
1658,Station_332,3,0,1,1,5
1659,Station_332,4,3,1,3,5
1660,Station_333,0,2,1,2,6
1661,Station_333,1,2,3,3,9
1662,Station_333,2,3,3,3,9
1663,Station_333,3,2,3,3,9
1664,Station_333,4,2,0,2,4
1665,Station_334,0,1,3,3,8
1666,Station_334,1,3,2,3,7
1667,Station_334,2,0,2,2,6
1668,Station_334,3,2,1,2,4
1669,Station_334,4,3,3,3,9
1670,Station_335,0,1,2,2,4
1671,Station_335,1,0,1,1,5
1672,Station_335,2,3,3,3,10
1673,Station_335,3,0,0,0,4
1674,Station_335,4,0,2,2,4
1675,Station_336,0,0,0,0,3
1676,Station_336,1,2,3,3,8
1677,Station_336,2,2,2,2,8
1678,Station_336,3,1,3,3,8
1679,Station_336,4,1,0,1,3
1680,Station_337,0,3,2,3,6
1681,Station_337,1,1,0,1,2
1682,Station_337,2,0,3,3,6
1683,Station_337,3,0,3,3,5
1684,Station_337,4,2,0,2,6
1685,Station_338,0,0,2,2,5
1686,Station_338,1,3,0,3,5
1687,Station_338,2,0,3,3,4
1688,Station_338,3,0,0,0,2
1689,Station_338,4,3,3,3,7
1690,Station_339,0,1,0,1,3
1691,Station_339,1,1,2,2,6
1692,Station_339,2,3,2,3,6
1693,Station_339,3,2,0,2,5
1694,Station_339,4,0,0,0,3
1695,Station_340,0,3,2,3,6
1696,Station_340,1,0,3,3,4
1697,Station_340,2,2,2,2,8
1698,Station_340,3,0,3,3,7
1699,Station_340,4,3,0,3,7
1700,Station_341,0,0,0,0,3
1701,Station_341,1,1,3,3,7
1702,Station_341,2,2,0,2,6
1703,Station_341,3,2,3,3,8
1704,Station_341,4,2,1,2,6
1705,Station_342,0,3,2,3,6
1706,Station_342,1,2,1,2,4
1707,Station_342,2,1,3,3,7
1708,Station_342,3,3,2,3,9
1709,Station_342,4,1,3,3,6
1710,Station_343,0,0,2,2,6
1711,Station_343,1,0,2,2,4
1712,Station_343,2,0,2,2,6
1713,Station_343,3,0,2,2,3
1714,Station_343,4,1,3,3,7
1715,Station_344,0,3,2,3,8
1716,Station_344,1,3,2,3,6
1717,Station_344,2,2,1,2,5
1718,Station_344,3,1,0,1,3
1719,Station_344,4,0,0,0,2
1720,Station_345,0,1,1,1,3
1721,Station_345,1,2,1,2,5
1722,Station_345,2,2,3,3,6
1723,Station_345,3,1,3,3,8
1724,Station_345,4,1,3,3,8
1725,Station_346,0,1,1,1,3
1726,Station_346,1,3,1,3,7
1727,Station_346,2,0,2,2,6
1728,Station_346,3,1,3,3,6
1729,Station_346,4,1,3,3,5
1730,Station_347,0,1,3,3,6
1731,Station_347,1,2,0,2,4
1732,Station_347,2,2,2,2,7
1733,Station_347,3,3,3,3,8
1734,Station_347,4,0,3,3,6
1735,Station_348,0,3,3,3,10
1736,Station_348,1,0,0,0,1
1737,Station_348,2,2,0,2,4
1738,Station_348,3,2,1,2,4
1739,Station_348,4,2,2,2,6
1740,Station_349,0,3,1,3,5
1741,Station_349,1,1,2,2,5
1742,Station_349,2,1,0,1,3
1743,Station_349,3,2,3,3,7
1744,Station_349,4,1,1,1,4
1745,Station_350,0,1,3,3,6
1746,Station_350,1,3,1,3,6
1747,Station_350,2,0,0,0,2
1748,Station_350,3,2,0,2,4
1749,Station_350,4,2,0,2,4
1750,Station_351,0,3,1,3,5
1751,Station_351,1,3,2,3,8
1752,Station_351,2,1,1,1,4
1753,Station_351,3,2,2,2,7
1754,Station_351,4,0,1,1,3
1755,Station_352,0,3,1,3,6
1756,Station_352,1,0,0,0,1
1757,Station_352,2,0,3,3,7
1758,Station_352,3,2,3,3,9
1759,Station_352,4,2,2,2,5
1760,Station_353,0,3,3,3,9
1761,Station_353,1,2,1,2,7
1762,Station_353,2,2,1,2,4
1763,Station_353,3,2,0,2,3
1764,Station_353,4,0,0,0,4
1765,Station_354,0,3,3,3,9
1766,Station_354,1,1,2,2,4
1767,Station_354,2,0,3,3,5
1768,Station_354,3,2,3,3,8
1769,Station_354,4,0,3,3,6
1770,Station_355,0,2,3,3,9
1771,Station_355,1,2,1,2,7
1772,Station_355,2,0,2,2,4
1773,Station_355,3,3,1,3,5
1774,Station_355,4,2,2,2,8
1775,Station_356,0,3,0,3,7
1776,Station_356,1,1,3,3,7
1777,Station_356,2,2,1,2,7
1778,Station_356,3,3,2,3,9
1779,Station_356,4,3,0,3,7
1780,Station_357,0,1,0,1,5
1781,Station_357,1,3,3,3,9
1782,Station_357,2,3,2,3,7
1783,Station_357,3,1,1,1,4
1784,Station_357,4,2,3,3,6
1785,Station_358,0,3,1,3,8
1786,Station_358,1,3,0,3,6
1787,Station_358,2,3,1,3,5
1788,Station_358,3,0,1,1,2
1789,Station_358,4,1,3,3,6
1790,Station_359,0,0,1,1,4
1791,Station_359,1,1,3,3,7
1792,Station_359,2,2,0,2,5
1793,Station_359,3,2,3,3,7
1794,Station_359,4,3,3,3,8
1795,Station_360,0,1,2,2,5
1796,Station_360,1,2,1,2,5
1797,Station_360,2,1,0,1,3
1798,Station_360,3,2,3,3,9
1799,Station_360,4,0,0,0,4
1800,Station_361,0,2,2,2,7
1801,Station_361,1,0,1,1,2
1802,Station_361,2,2,3,3,8
1803,Station_361,3,3,1,3,5
1804,Station_361,4,0,2,2,4
1805,Station_362,0,2,2,2,5
1806,Station_362,1,3,0,3,6
1807,Station_362,2,0,3,3,6
1808,Station_362,3,3,0,3,4
1809,Station_362,4,1,2,2,7
1810,Station_363,0,1,1,1,4
1811,Station_363,1,0,0,0,2
1812,Station_363,2,2,0,2,5
1813,Station_363,3,0,1,1,5
1814,Station_363,4,3,0,3,4
1815,Station_364,0,2,1,2,5
1816,Station_364,1,1,3,3,8
1817,Station_364,2,2,1,2,5
1818,Station_364,3,1,3,3,8
1819,Station_364,4,2,1,2,7
1820,Station_365,0,2,2,2,7
1821,Station_365,1,2,2,2,6
1822,Station_365,2,3,3,3,7
1823,Station_365,3,3,3,3,9
1824,Station_365,4,0,2,2,5
1825,Station_366,0,0,3,3,4
1826,Station_366,1,1,1,1,5
1827,Station_366,2,3,1,3,8
1828,Station_366,3,1,2,2,7
1829,Station_366,4,0,0,0,2
1830,Station_367,0,1,1,1,4
1831,Station_367,1,0,3,3,4
1832,Station_367,2,3,0,3,5
1833,Station_367,3,2,0,2,6
1834,Station_367,4,3,1,3,5
1835,Station_368,0,1,1,1,3
1836,Station_368,1,1,0,1,3
1837,Station_368,2,3,0,3,7
1838,Station_368,3,3,2,3,6
1839,Station_368,4,0,3,3,7
1840,Station_369,0,1,2,2,7
1841,Station_369,1,1,1,1,6
1842,Station_369,2,3,2,3,7
1843,Station_369,3,2,2,2,7
1844,Station_369,4,1,2,2,6
1845,Station_370,0,2,2,2,5
1846,Station_370,1,3,3,3,10
1847,Station_370,2,3,3,3,8
1848,Station_370,3,0,0,0,4
1849,Station_370,4,1,1,1,6
1850,Station_371,0,2,2,2,6
1851,Station_371,1,0,0,0,3
1852,Station_371,2,1,0,1,5
1853,Station_371,3,0,0,0,4
1854,Station_371,4,3,3,3,9
1855,Station_372,0,1,2,2,5
1856,Station_372,1,0,2,2,3
1857,Station_372,2,0,1,1,4
1858,Station_372,3,2,2,2,5
1859,Station_372,4,0,2,2,3
1860,Station_373,0,1,0,1,4
1861,Station_373,1,1,1,1,6
1862,Station_373,2,2,2,2,5
1863,Station_373,3,1,3,3,5
1864,Station_373,4,3,2,3,7
1865,Station_374,0,1,0,1,5
1866,Station_374,1,1,3,3,5
1867,Station_374,2,0,0,0,2
1868,Station_374,3,0,2,2,6
1869,Station_374,4,1,3,3,7
1870,Station_375,0,2,1,2,6
1871,Station_375,1,0,1,1,3
1872,Station_375,2,2,3,3,8
1873,Station_375,3,1,3,3,5
1874,Station_375,4,1,0,1,5
1875,Station_376,0,3,3,3,7
1876,Station_376,1,0,0,0,1
1877,Station_376,2,1,2,2,6
1878,Station_376,3,3,0,3,4
1879,Station_376,4,0,3,3,6
1880,Station_377,0,1,3,3,8
1881,Station_377,1,1,2,2,7
1882,Station_377,2,0,3,3,4
1883,Station_377,3,0,3,3,5
1884,Station_377,4,0,1,1,4
1885,Station_378,0,1,1,1,5
1886,Station_378,1,1,2,2,4
1887,Station_378,2,3,0,3,6
1888,Station_378,3,2,1,2,6
1889,Station_378,4,0,0,0,2
1890,Station_379,0,1,3,3,6
1891,Station_379,1,1,1,1,3
1892,Station_379,2,0,2,2,4
1893,Station_379,3,2,2,2,5
1894,Station_379,4,0,2,2,6
1895,Station_380,0,2,1,2,4
1896,Station_380,1,1,0,1,5
1897,Station_380,2,2,3,3,6
1898,Station_380,3,3,0,3,6
1899,Station_380,4,1,0,1,3
